INSERT INTO Secretary(sID, sFName, sLName, sDob, sNum) VALUES ('SY1', 'Craig', 'Patz', '19381014', '6223015');
INSERT INTO Secretary(sID, sFName, sLName, sDob, sNum) VALUES ('SY2', 'William', 'Pearson', '20090610', '5266404');
INSERT INTO Secretary(sID, sFName, sLName, sDob, sNum) VALUES ('SY3', 'Lillian', 'Patton', '20120421', '4128191');
INSERT INTO Secretary(sID, sFName, sLName, sDob, sNum) VALUES ('SY4', 'Joseph', 'Barber', '19370603', '5628754');
INSERT INTO Secretary(sID, sFName, sLName, sDob, sNum) VALUES ('SY5', 'Ronald', 'Linsley', '19850119', '4427875');
INSERT INTO Secretary(sID, sFName, sLName, sDob, sNum) VALUES ('SY6', 'Regina', 'Mullins', '19610301', '5063635');
INSERT INTO Secretary(sID, sFName, sLName, sDob, sNum) VALUES ('SY7', 'Helen', 'Helmes', '19901319', '5480903');
INSERT INTO Secretary(sID, sFName, sLName, sDob, sNum) VALUES ('SY8', 'Scott', 'Lumpkin', '19981015', '4915734');
INSERT INTO Secretary(sID, sFName, sLName, sDob, sNum) VALUES ('SY9', 'Nellie', 'Ma', '19410817', '6706816');
INSERT INTO Secretary(sID, sFName, sLName, sDob, sNum) VALUES ('SY10', 'Dawn', 'Gurley', '20050610', '6449744');
INSERT INTO Patient(pID, pNum, pFName, pLname ,pDob) VALUES ('PT1', '3124801', 'Josephine', 'Sherburne', '20130919');
INSERT INTO Patient(pID, pNum, pFName, pLname ,pDob) VALUES ('PT2', '3079037', 'Lavelle', 'Bachtold', '19810623');
INSERT INTO Patient(pID, pNum, pFName, pLname ,pDob) VALUES ('PT3', '1184584', 'Kenneth', 'Hutsell', '20110507');
INSERT INTO Patient(pID, pNum, pFName, pLname ,pDob) VALUES ('PT4', '2910984', 'Mark', 'Walters', '19200514');
INSERT INTO Patient(pID, pNum, pFName, pLname ,pDob) VALUES ('PT5', '1546036', 'Brian', 'Forrest', '19990703');
INSERT INTO Patient(pID, pNum, pFName, pLname ,pDob) VALUES ('PT6', '1849658', 'John', 'Moore', '19881219');
INSERT INTO Patient(pID, pNum, pFName, pLname ,pDob) VALUES ('PT7', '3006242', 'Nathan', 'Marroquin', '19450321');
INSERT INTO Patient(pID, pNum, pFName, pLname ,pDob) VALUES ('PT8', '1240464', 'Rosario', 'Aldridge', '19260914');
INSERT INTO Patient(pID, pNum, pFName, pLname ,pDob) VALUES ('PT9', '1930373', 'Gerardo', 'Ragland', '20090319');
INSERT INTO Patient(pID, pNum, pFName, pLname ,pDob) VALUES ('PT10', '1712430', 'Tracey', 'Stigers', '19360421');
INSERT INTO Patient(pID, pNum, pFName, pLname ,pDob) VALUES ('PT11', '2848830', 'Kathy', 'Bender', '19230707');
INSERT INTO Patient(pID, pNum, pFName, pLname ,pDob) VALUES ('PT12', '1393912', 'Joe', 'Squire', '19970915');
INSERT INTO Patient(pID, pNum, pFName, pLname ,pDob) VALUES ('PT13', '2825885', 'John', 'Rosales', '19361104');
INSERT INTO Patient(pID, pNum, pFName, pLname ,pDob) VALUES ('PT14', '3114453', 'Julie', 'Green', '19980411');
INSERT INTO Patient(pID, pNum, pFName, pLname ,pDob) VALUES ('PT15', '2732388', 'Craig', 'Erwin', '19520115');
INSERT INTO Patient(pID, pNum, pFName, pLname ,pDob) VALUES ('PT16', '3052215', 'Patrick', 'Stewart', '19940821');
INSERT INTO Patient(pID, pNum, pFName, pLname ,pDob) VALUES ('PT17', '1165023', 'Thomas', 'Swift', '19930524');
INSERT INTO Patient(pID, pNum, pFName, pLname ,pDob) VALUES ('PT18', '1613112', 'Gary', 'Santangelo', '19950512');
INSERT INTO Patient(pID, pNum, pFName, pLname ,pDob) VALUES ('PT19', '2378319', 'Jonathan', 'Sciancalepore', '19250216');
INSERT INTO Patient(pID, pNum, pFName, pLname ,pDob) VALUES ('PT20', '1403331', 'Frances', 'Jones', '19970924');
INSERT INTO Patient(pID, pNum, pFName, pLname ,pDob) VALUES ('PT21', '2022037', 'Thomas', 'Canon', '20071108');
INSERT INTO Patient(pID, pNum, pFName, pLname ,pDob) VALUES ('PT22', '1519463', 'Christopher', 'Benny', '19700818');
INSERT INTO Patient(pID, pNum, pFName, pLname ,pDob) VALUES ('PT23', '2203790', 'Gloria', 'Cilley', '19211119');
INSERT INTO Patient(pID, pNum, pFName, pLname ,pDob) VALUES ('PT24', '2725023', 'Dorothy', 'Hampton', '20160907');
INSERT INTO Patient(pID, pNum, pFName, pLname ,pDob) VALUES ('PT25', '2523812', 'Herminia', 'Bryant', '20170901');
INSERT INTO Patient(pID, pNum, pFName, pLname ,pDob) VALUES ('PT26', '1766940', 'Eleanor', 'Mccutcheon', '19420615');
INSERT INTO Patient(pID, pNum, pFName, pLname ,pDob) VALUES ('PT27', '2436674', 'Charles', 'Bauer', '19691024');
INSERT INTO Patient(pID, pNum, pFName, pLname ,pDob) VALUES ('PT28', '2974870', 'Carol', 'Swartout', '19581019');
INSERT INTO Patient(pID, pNum, pFName, pLname ,pDob) VALUES ('PT29', '2745575', 'Maria', 'Creel', '20100413');
INSERT INTO Patient(pID, pNum, pFName, pLname ,pDob) VALUES ('PT30', '1505292', 'Robert', 'Unger', '20160909');
INSERT INTO Patient(pID, pNum, pFName, pLname ,pDob) VALUES ('PT31', '1128549', 'Margaret', 'Bowen', '20141101');
INSERT INTO Patient(pID, pNum, pFName, pLname ,pDob) VALUES ('PT32', '2138375', 'Robert', 'Connolly', '19520701');
INSERT INTO Patient(pID, pNum, pFName, pLname ,pDob) VALUES ('PT33', '1219579', 'Louise', 'Nicholson', '20001207');
INSERT INTO Patient(pID, pNum, pFName, pLname ,pDob) VALUES ('PT34', '1153274', 'Henry', 'Redd', '19930719');
INSERT INTO Patient(pID, pNum, pFName, pLname ,pDob) VALUES ('PT35', '1896844', 'Lesa', 'Prater', '19601127');
INSERT INTO Patient(pID, pNum, pFName, pLname ,pDob) VALUES ('PT36', '2231375', 'June', 'Barr', '19360111');
INSERT INTO Patient(pID, pNum, pFName, pLname ,pDob) VALUES ('PT37', '3113863', 'Geneva', 'Clark', '20021228');
INSERT INTO Patient(pID, pNum, pFName, pLname ,pDob) VALUES ('PT38', '1737997', 'Maria', 'Green', '19840215');
INSERT INTO Patient(pID, pNum, pFName, pLname ,pDob) VALUES ('PT39', '1286576', 'Albert', 'Mclaughlin', '19861327');
INSERT INTO Patient(pID, pNum, pFName, pLname ,pDob) VALUES ('PT40', '1415058', 'Barbara', 'Valdez', '20081108');
INSERT INTO Patient(pID, pNum, pFName, pLname ,pDob) VALUES ('PT41', '2407265', 'Elizabeth', 'Macon', '19350705');
INSERT INTO Patient(pID, pNum, pFName, pLname ,pDob) VALUES ('PT42', '2326616', 'Sharon', 'Glaspie', '19750704');
INSERT INTO Patient(pID, pNum, pFName, pLname ,pDob) VALUES ('PT43', '2421123', 'Marcia', 'Shook', '19820327');
INSERT INTO Patient(pID, pNum, pFName, pLname ,pDob) VALUES ('PT44', '1289641', 'Marguerite', 'Knott', '19990523');
INSERT INTO Patient(pID, pNum, pFName, pLname ,pDob) VALUES ('PT45', '2246796', 'Marquita', 'Indermuehle', '19880212');
INSERT INTO Patient(pID, pNum, pFName, pLname ,pDob) VALUES ('PT46', '1284419', 'Max', 'Golden', '19570108');
INSERT INTO Patient(pID, pNum, pFName, pLname ,pDob) VALUES ('PT47', '3096243', 'Brandon', 'Doody', '20110310');
INSERT INTO Patient(pID, pNum, pFName, pLname ,pDob) VALUES ('PT48', '2593382', 'Louise', 'Hipple', '19961108');
INSERT INTO Patient(pID, pNum, pFName, pLname ,pDob) VALUES ('PT49', '2231518', 'Lula', 'Atwater', '20171312');
INSERT INTO Patient(pID, pNum, pFName, pLname ,pDob) VALUES ('PT50', '1400082', 'Sabrina', 'Visitacion', '19340610');
INSERT INTO Family_History(famID, famFName, famLName) VALUES ('FM1', 'Cathy', 'Banks');
INSERT INTO Family_History(famID, famFName, famLName) VALUES ('FM2', 'Jason', 'Harteau');
INSERT INTO Family_History(famID, famFName, famLName) VALUES ('FM3', 'Marion', 'Aguilar');
INSERT INTO Family_History(famID, famFName, famLName) VALUES ('FM4', 'Robert', 'Christensen');
INSERT INTO Family_History(famID, famFName, famLName) VALUES ('FM5', 'Rena', 'Vega');
INSERT INTO Family_History(famID, famFName, famLName) VALUES ('FM6', 'Thomas', 'Boston');
INSERT INTO Family_History(famID, famFName, famLName) VALUES ('FM7', 'James', 'Shanks');
INSERT INTO Family_History(famID, famFName, famLName) VALUES ('FM8', 'Anthony', 'Bolduc');
INSERT INTO Family_History(famID, famFName, famLName) VALUES ('FM9', 'Kenneth', 'Lowin');
INSERT INTO Family_History(famID, famFName, famLName) VALUES ('FM10', 'Agnes', 'Hesterman');
INSERT INTO Family_History(famID, famFName, famLName) VALUES ('FM11', 'Harvey', 'Heywood');
INSERT INTO Family_History(famID, famFName, famLName) VALUES ('FM12', 'Betty', 'Patricio');
INSERT INTO Family_History(famID, famFName, famLName) VALUES ('FM13', 'Timothy', 'Ferry');
INSERT INTO Family_History(famID, famFName, famLName) VALUES ('FM14', 'Garry', 'Everett');
INSERT INTO Family_History(famID, famFName, famLName) VALUES ('FM15', 'Joseph', 'Nuttall');
INSERT INTO Doctor(docID, docFName, docLName, dNum ,dDob) VALUES ('DR1', 'Anna', 'Mcgrew', '4240759', '19371107');
INSERT INTO Doctor(docID, docFName, docLName, dNum ,dDob) VALUES ('DR2', 'Edgar', 'Schaible', '3825273', '19780529');
INSERT INTO Doctor(docID, docFName, docLName, dNum ,dDob) VALUES ('DR3', 'Helena', 'Blackmer', '5110869', '19540520');
INSERT INTO Doctor(docID, docFName, docLName, dNum ,dDob) VALUES ('DR4', 'Bernice', 'Fairchild', '4129693', '19300108');
INSERT INTO Doctor(docID, docFName, docLName, dNum ,dDob) VALUES ('DR5', 'John', 'Dillard', '4334120', '19931225');
INSERT INTO Doctor(docID, docFName, docLName, dNum ,dDob) VALUES ('DR6', 'Fabian', 'Janes', '5000646', '19480702');
INSERT INTO Doctor(docID, docFName, docLName, dNum ,dDob) VALUES ('DR7', 'Tristan', 'Whitfield', '3891719', '19261015');
INSERT INTO Doctor(docID, docFName, docLName, dNum ,dDob) VALUES ('DR8', 'Iva', 'Thorpe', '3745600', '19730821');
INSERT INTO Doctor(docID, docFName, docLName, dNum ,dDob) VALUES ('DR9', 'Charles', 'Kelly', '3625180', '19450908');
INSERT INTO Doctor(docID, docFName, docLName, dNum ,dDob) VALUES ('DR10', 'Eneida', 'Rinehart', '3712143', '19610718');
INSERT INTO Consultant(docID, specialization) VALUES ('DR4', 'optician');
INSERT INTO Consultant(docID, specialization) VALUES ('DR1', 'optician');
INSERT INTO Consultant(docID, specialization) VALUES ('DR9', 'surgeon');
INSERT INTO Consultant(docID, specialization) VALUES ('DR7', 'surgeon');
INSERT INTO Consultant(docID, specialization) VALUES ('DR10', 'dentist');
INSERT INTO Intern(docID) VALUES ('DR6');
INSERT INTO Intern(docID) VALUES ('DR7');
INSERT INTO Intern(docID) VALUES ('DR8');
INSERT INTO Intern(docID) VALUES ('DR9');
INSERT INTO Intern(docID) VALUES ('DR10');
INSERT INTO Intern(docID) VALUES ('DR11');
INSERT INTO Nurse(nID, nFName, nLName, nDob, address, nurNum) VALUES ('NR1', 'Ronald', 'Vaughn', '19530218', '7 Durham Avenue, May Pen', '6429636');
INSERT INTO Nurse(nID, nFName, nLName, nDob, address, nurNum) VALUES ('NR2', 'Mary', 'Pike', '19760714', '7 Washington Boulevard, Port Antonio', '5410342');
INSERT INTO Nurse(nID, nFName, nLName, nDob, address, nurNum) VALUES ('NR3', 'Hilda', 'Simone', '19820707', '7 Avesbury Avenue, St. Ann BayPort Maria', '6265243');
INSERT INTO Nurse(nID, nFName, nLName, nDob, address, nurNum) VALUES ('NR4', 'Nicole', 'Bettis', '19580401', '6 Durham Street, Savanna La MarHalf Way Tree', '6322740');
INSERT INTO Nurse(nID, nFName, nLName, nDob, address, nurNum) VALUES ('NR5', 'Toni', 'Williamson', '19870812', '8 Orange Avenue, Black River', '5249351');
INSERT INTO Nurse(nID, nFName, nLName, nDob, address, nurNum) VALUES ('NR6', 'Brian', 'Dickens', '19901207', '8 Dunrobin Street, Morant Bay', '4889357');
INSERT INTO Nurse(nID, nFName, nLName, nDob, address, nurNum) VALUES ('NR7', 'Lisa', 'Diaz', '19591215', '7 Avesbury Avenue, Falmouth', '4778077');
INSERT INTO Nurse(nID, nFName, nLName, nDob, address, nurNum) VALUES ('NR8', 'Greta', 'Stoker', '19531109', '5 Dunrobin Street, St. Ann BayPort Maria', '6155009');
INSERT INTO Nurse(nID, nFName, nLName, nDob, address, nurNum) VALUES ('NR9', 'Jack', 'Ramirez', '19810903', '9 Washington Avenue, Black River', '5110304');
INSERT INTO Nurse(nID, nFName, nLName, nDob, address, nurNum) VALUES ('NR10', 'Jarrod', 'Brooks', '19870919', '1 Durham Boulevard, Black River', '5688454');
INSERT INTO Nurse(nID, nFName, nLName, nDob, address, nurNum) VALUES ('NR11', 'John', 'Turek', '19680126', '7 Durham Avenue, May Pen', '6153247');
INSERT INTO Nurse(nID, nFName, nLName, nDob, address, nurNum) VALUES ('NR12', 'Mary', 'Drain', '19540703', '6 Avesbury Boulevard, Montego BayLucea', '4815143');
INSERT INTO Nurse(nID, nFName, nLName, nDob, address, nurNum) VALUES ('NR13', 'Dorothy', 'Stevens', '19530408', '5 Washington Street, Montego BayLucea', '5742402');
INSERT INTO Nurse(nID, nFName, nLName, nDob, address, nurNum) VALUES ('NR14', 'Leonard', 'Twigg', '19870328', '5 Orange Street, Black River', '6078706');
INSERT INTO Nurse(nID, nFName, nLName, nDob, address, nurNum) VALUES ('NR15', 'David', 'Webb', '19690709', '6 Orange Boulevard, Kingston', '5821622');
INSERT INTO Nurse(nID, nFName, nLName, nDob, address, nurNum) VALUES ('NR16', 'Charles', 'Bessette', '19590920', '8 Avesbury Avenue, Mandeville', '5549097');
INSERT INTO Nurse(nID, nFName, nLName, nDob, address, nurNum) VALUES ('NR17', 'Adam', 'Mcnichols', '19700629', '4 Dunrobin Boulevard, Savanna La MarHalf Way Tree', '5557752');
INSERT INTO Nurse(nID, nFName, nLName, nDob, address, nurNum) VALUES ('NR18', 'Sharon', 'Johnson', '19630120', '7 Washington Avenue, Montego BayLucea', '5458384');
INSERT INTO Nurse(nID, nFName, nLName, nDob, address, nurNum) VALUES ('NR19', 'Haydee', 'Buzzell', '19611220', '9 Avesbury Street, Spanish Town', '5527345');
INSERT INTO Nurse(nID, nFName, nLName, nDob, address, nurNum) VALUES ('NR20', 'Suzanne', 'Mcwhorter', '19981011', '4 Washington Boulevard, Kingston', '4859157');
INSERT INTO Disease(disease_ID, disease_name) VALUES ('1', 'flu');
INSERT INTO Disease(disease_ID, disease_name) VALUES ('2', 'asthma');
INSERT INTO Disease(disease_ID, disease_name) VALUES ('3', 'allergies');
INSERT INTO Disease(disease_ID, disease_name) VALUES ('4', 'mumps');
INSERT INTO Medication(med_ID, med_name) VALUES ('1', 'a');
INSERT INTO Medication(med_ID, med_name) VALUES ('2', 'b');
INSERT INTO Medication(med_ID, med_name) VALUES ('3', 'c');
INSERT INTO Medication(med_ID, med_name) VALUES ('4', 'd');
INSERT INTO Diagnosis(diagID, disease_ID, pID, diag_date) VALUES ('1', '2','PT34', '20160312');
INSERT INTO Diagnosis(diagID, disease_ID, pID, diag_date) VALUES ('2', '3','PT25', '20170902');
INSERT INTO Diagnosis(diagID, disease_ID, pID, diag_date) VALUES ('3', '3','PT39', '20170214');
INSERT INTO Diagnosis(diagID, disease_ID, pID, diag_date) VALUES ('4', '4','PT34', '20170620');
INSERT INTO Diagnosis(diagID, disease_ID, pID, diag_date) VALUES ('5', '2','PT8', '20160308');
INSERT INTO Diagnosis(diagID, disease_ID, pID, diag_date) VALUES ('6', '4','PT18', '20160602');
INSERT INTO Diagnosis(diagID, disease_ID, pID, diag_date) VALUES ('7', '3','PT49', '20170902');
INSERT INTO Diagnosis(diagID, disease_ID, pID, diag_date) VALUES ('8', '4','PT14', '20170625');
INSERT INTO Diagnosis(diagID, disease_ID, pID, diag_date) VALUES ('9', '3','PT28', '20161011');
INSERT INTO Diagnosis(diagID, disease_ID, pID, diag_date) VALUES ('10', '1','PT8', '20170427');
INSERT INTO Diagnosis(diagID, disease_ID, pID, diag_date) VALUES ('11', '1','PT28', '20160501');
INSERT INTO Diagnosis(diagID, disease_ID, pID, diag_date) VALUES ('12', '1','PT30', '20160109');
INSERT INTO Diagnosis(diagID, disease_ID, pID, diag_date) VALUES ('13', '3','PT11', '20160102');
INSERT INTO Diagnosis(diagID, disease_ID, pID, diag_date) VALUES ('14', '1','PT6', '20160627');
INSERT INTO Diagnosis(diagID, disease_ID, pID, diag_date) VALUES ('15', '3','PT12', '20170612');
INSERT INTO Diagnosis(diagID, disease_ID, pID, diag_date) VALUES ('16', '1','PT1', '20161314');
INSERT INTO Diagnosis(diagID, disease_ID, pID, diag_date) VALUES ('17', '1','PT46', '20160406');
INSERT INTO Diagnosis(diagID, disease_ID, pID, diag_date) VALUES ('18', '2','PT30', '20170904');
INSERT INTO Diagnosis(diagID, disease_ID, pID, diag_date) VALUES ('19', '3','PT9', '20160324');
INSERT INTO Diagnosis(diagID, disease_ID, pID, diag_date) VALUES ('20', '3','PT1', '20160916');
INSERT INTO Diagnosis(diagID, disease_ID, pID, diag_date) VALUES ('21', '4','PT15', '20170812');
INSERT INTO Diagnosis(diagID, disease_ID, pID, diag_date) VALUES ('22', '2','PT27', '20171113');
INSERT INTO Diagnosis(diagID, disease_ID, pID, diag_date) VALUES ('23', '3','PT15', '20170510');
INSERT INTO Diagnosis(diagID, disease_ID, pID, diag_date) VALUES ('24', '1','PT6', '20171123');
INSERT INTO Diagnosis(diagID, disease_ID, pID, diag_date) VALUES ('25', '2','PT1', '20160312');
INSERT INTO Diagnosis(diagID, disease_ID, pID, diag_date) VALUES ('26', '4','PT18', '20171120');
INSERT INTO Diagnosis(diagID, disease_ID, pID, diag_date) VALUES ('27', '1','PT18', '20160626');
INSERT INTO Diagnosis(diagID, disease_ID, pID, diag_date) VALUES ('28', '3','PT44', '20160227');
INSERT INTO Diagnosis(diagID, disease_ID, pID, diag_date) VALUES ('29', '2','PT20', '20171218');
INSERT INTO Diagnosis(diagID, disease_ID, pID, diag_date) VALUES ('30', '3','PT4', '20170205');
INSERT INTO Accesses(nID, pID, famID) VALUES ('NR1', 'PT1', 'FM5');
INSERT INTO Accesses(nID, pID, famID) VALUES ('NR2', 'PT2', 'FM6');
INSERT INTO Accesses(nID, pID, famID) VALUES ('NR3', 'PT3', 'FM14');
INSERT INTO Accesses(nID, pID, famID) VALUES ('NR4', 'PT4', 'FM13');
INSERT INTO Accesses(nID, pID, famID) VALUES ('NR5', 'PT5', 'FM8');
INSERT INTO Accesses(nID, pID, famID) VALUES ('NR6', 'PT6', 'FM7');
INSERT INTO Accesses(nID, pID, famID) VALUES ('NR7', 'PT7', 'FM6');
INSERT INTO Accesses(nID, pID, famID) VALUES ('NR8', 'PT8', 'FM3');
INSERT INTO Accesses(nID, pID, famID) VALUES ('NR9', 'PT9', 'FM8');
INSERT INTO Accesses(nID, pID, famID) VALUES ('NR10', 'PT10', 'FM14');
INSERT INTO Administers_Medication_To(nID, pID, med_ID, process, med_date) VALUES ('NR1', 'PT1', '3','d', '19210304');
INSERT INTO Administers_Medication_To(nID, pID, med_ID, process, med_date) VALUES ('NR2', 'PT2', '3','c', '19231121');
INSERT INTO Administers_Medication_To(nID, pID, med_ID, process, med_date) VALUES ('NR3', 'PT3', '1','b', '20000224');
INSERT INTO Administers_Medication_To(nID, pID, med_ID, process, med_date) VALUES ('NR4', 'PT4', '2','b', '20030604');
INSERT INTO Administers_Medication_To(nID, pID, med_ID, process, med_date) VALUES ('NR5', 'PT5', '3','d', '19650713');
INSERT INTO Administers_Medication_To(nID, pID, med_ID, process, med_date) VALUES ('NR6', 'PT6', '4','d', '19841103');
INSERT INTO Administers_Medication_To(nID, pID, med_ID, process, med_date) VALUES ('NR7', 'PT7', '1','c', '19970119');
INSERT INTO Administers_Medication_To(nID, pID, med_ID, process, med_date) VALUES ('NR8', 'PT8', '2','c', '19940127');
INSERT INTO Administers_Medication_To(nID, pID, med_ID, process, med_date) VALUES ('NR9', 'PT9', '4','b', '19390302');
INSERT INTO Administers_Medication_To(nID, pID, med_ID, process, med_date) VALUES ('NR10', 'PT10', '1','c', '19980825');
INSERT INTO Administers_Medication_To(nID, pID, med_ID, process, med_date) VALUES ('NR11', 'PT11', '4','e', '20070524');
INSERT INTO Administers_Medication_To(nID, pID, med_ID, process, med_date) VALUES ('NR12', 'PT12', '2','d', '19480702');
INSERT INTO Administers_Medication_To(nID, pID, med_ID, process, med_date) VALUES ('NR13', 'PT13', '1','e', '20001027');
INSERT INTO Administers_Medication_To(nID, pID, med_ID, process, med_date) VALUES ('NR14', 'PT14', '1','b', '19751123');
INSERT INTO Administers_Medication_To(nID, pID, med_ID, process, med_date) VALUES ('NR15', 'PT15', '3','d', '19470418');
INSERT INTO Allergies(pID, med_ID) VALUES ('PT39', '3');
INSERT INTO Allergies(pID, med_ID) VALUES ('PT11', '4');
INSERT INTO Allergies(pID, med_ID) VALUES ('PT38', '3');
INSERT INTO Allergies(pID, med_ID) VALUES ('PT28', '3');
INSERT INTO Allergies(pID, med_ID) VALUES ('PT23', '4');
INSERT INTO Allergies(pID, med_ID) VALUES ('PT27', '4');
INSERT INTO Allergies(pID, med_ID) VALUES ('PT51', '1');
INSERT INTO Allergies(pID, med_ID) VALUES ('PT8', '4');
INSERT INTO Allergies(pID, med_ID) VALUES ('PT21', '1');
INSERT INTO Allergies(pID, med_ID) VALUES ('PT6', '4');
INSERT INTO Allergies(pID, med_ID) VALUES ('PT36', '1');
INSERT INTO Allergies(pID, med_ID) VALUES ('PT29', '2');
INSERT INTO Allergies(pID, med_ID) VALUES ('PT19', '3');
INSERT INTO Allergies(pID, med_ID) VALUES ('PT47', '1');
INSERT INTO Allergies(pID, med_ID) VALUES ('PT28', '4');
INSERT INTO Allergies(pID, med_ID) VALUES ('PT27', '4');
INSERT INTO Allergies(pID, med_ID) VALUES ('PT35', '4');
INSERT INTO Allergies(pID, med_ID) VALUES ('PT48', '3');
INSERT INTO Allergies(pID, med_ID) VALUES ('PT3', '1');
INSERT INTO Allergies(pID, med_ID) VALUES ('PT49', '2');
INSERT INTO Allergies(pID, med_ID) VALUES ('PT24', '4');
INSERT INTO Allergies(pID, med_ID) VALUES ('PT12', '1');
INSERT INTO Allergies(pID, med_ID) VALUES ('PT13', '4');
INSERT INTO Allergies(pID, med_ID) VALUES ('PT14', '2');
INSERT INTO Allergies(pID, med_ID) VALUES ('PT35', '1');
INSERT INTO Belongs_To(pID, famID) VALUES ('PT1', 'FM1');
INSERT INTO Belongs_To(pID, famID) VALUES ('PT2', 'FM2');
INSERT INTO Belongs_To(pID, famID) VALUES ('PT3', 'FM3');
INSERT INTO Belongs_To(pID, famID) VALUES ('PT4', 'FM4');
INSERT INTO Belongs_To(pID, famID) VALUES ('PT5', 'FM5');
INSERT INTO Belongs_To(pID, famID) VALUES ('PT6', 'FM6');
INSERT INTO Belongs_To(pID, famID) VALUES ('PT7', 'FM7');
INSERT INTO Belongs_To(pID, famID) VALUES ('PT8', 'FM8');
INSERT INTO Belongs_To(pID, famID) VALUES ('PT9', 'FM9');
INSERT INTO Belongs_To(pID, famID) VALUES ('PT10', 'FM10');
INSERT INTO Belongs_To(pID, famID) VALUES ('PT11', 'FM11');
INSERT INTO Belongs_To(pID, famID) VALUES ('PT12', 'FM12');
INSERT INTO Belongs_To(pID, famID) VALUES ('PT13', 'FM13');
INSERT INTO Belongs_To(pID, famID) VALUES ('PT14', 'FM14');
INSERT INTO Belongs_To(pID, famID) VALUES ('PT15', 'FM15');
INSERT INTO Belongs_To(pID, famID) VALUES ('PT16', 'FM16');
INSERT INTO Belongs_To(pID, famID) VALUES ('PT17', 'FM16');
INSERT INTO Belongs_To(pID, famID) VALUES ('PT18', 'FM2');
INSERT INTO Belongs_To(pID, famID) VALUES ('PT19', 'FM3');
INSERT INTO Belongs_To(pID, famID) VALUES ('PT20', 'FM4');
INSERT INTO Belongs_To(pID, famID) VALUES ('PT21', 'FM5');
INSERT INTO Belongs_To(pID, famID) VALUES ('PT22', 'FM6');
INSERT INTO Belongs_To(pID, famID) VALUES ('PT23', 'FM7');
INSERT INTO Belongs_To(pID, famID) VALUES ('PT24', 'FM8');
INSERT INTO Belongs_To(pID, famID) VALUES ('PT25', 'FM9');
INSERT INTO Present_In(famID, disease_ID) VALUES ('FM14', '4');
INSERT INTO Present_In(famID, disease_ID) VALUES ('FM1', '4');
INSERT INTO Present_In(famID, disease_ID) VALUES ('FM4', '4');
INSERT INTO Present_In(famID, disease_ID) VALUES ('FM10', '4');
INSERT INTO Present_In(famID, disease_ID) VALUES ('FM13', '4');
INSERT INTO Present_In(famID, disease_ID) VALUES ('FM12', '3');
INSERT INTO Present_In(famID, disease_ID) VALUES ('FM15', '1');
INSERT INTO Present_In(famID, disease_ID) VALUES ('FM7', '4');
INSERT INTO Present_In(famID, disease_ID) VALUES ('FM4', '2');
INSERT INTO Present_In(famID, disease_ID) VALUES ('FM11', '3');
INSERT INTO Present_In(famID, disease_ID) VALUES ('FM3', '4');
INSERT INTO Present_In(famID, disease_ID) VALUES ('FM8', '3');
INSERT INTO Present_In(famID, disease_ID) VALUES ('FM15', '3');
INSERT INTO Present_In(famID, disease_ID) VALUES ('FM11', '2');
INSERT INTO Present_In(famID, disease_ID) VALUES ('FM2', '1');
INSERT INTO Records_Data_On(pID, famID, docID) VALUES ('PT1', 'FM1', 'DR1');
INSERT INTO Records_Data_On(pID, famID, docID) VALUES ('PT2', 'FM2', 'DR1');
INSERT INTO Records_Data_On(pID, famID, docID) VALUES ('PT3', 'FM3', 'DR1');
INSERT INTO Records_Data_On(pID, famID, docID) VALUES ('PT4', 'FM4', 'DR1');
INSERT INTO Records_Data_On(pID, famID, docID) VALUES ('PT5', 'FM5', 'DR1');
INSERT INTO Records_Data_On(pID, famID, docID) VALUES ('PT6', 'FM6', 'DR1');
INSERT INTO Records_Data_On(pID, famID, docID) VALUES ('PT7', 'FM7', 'DR1');
INSERT INTO Records_Data_On(pID, famID, docID) VALUES ('PT8', 'FM8', 'DR1');
INSERT INTO Records_Data_On(pID, famID, docID) VALUES ('PT9', 'FM9', 'DR1');
INSERT INTO Records_Data_On(pID, famID, docID) VALUES ('PT10', 'FM10', 'DR1');
INSERT INTO Records_Data_On(pID, famID, docID) VALUES ('PT11', 'FM11', 'DR1');
INSERT INTO Records_Data_On(pID, famID, docID) VALUES ('PT12', 'FM12', 'DR1');
INSERT INTO Records_Data_On(pID, famID, docID) VALUES ('PT13', 'FM13', 'DR1');
INSERT INTO Records_Data_On(pID, famID, docID) VALUES ('PT14', 'FM14', 'DR1');
INSERT INTO Records_Data_On(pID, famID, docID) VALUES ('PT15', 'FM15', 'DR1');
INSERT INTO Records_Data_On(pID, famID, docID) VALUES ('PT16', 'FM16', 'DR1');
INSERT INTO Records_Data_On(pID, famID, docID) VALUES ('PT17', 'FM1', 'DR1');
INSERT INTO Records_Data_On(pID, famID, docID) VALUES ('PT18', 'FM2', 'DR1');
INSERT INTO Records_Data_On(pID, famID, docID) VALUES ('PT19', 'FM3', 'DR1');
INSERT INTO Records_Data_On(pID, famID, docID) VALUES ('PT20', 'FM4', 'DR1');
INSERT INTO Records_Data_On(pID, famID, docID) VALUES ('PT21', 'FM5', 'DR1');
INSERT INTO Records_Data_On(pID, famID, docID) VALUES ('PT22', 'FM6', 'DR1');
INSERT INTO Records_Data_On(pID, famID, docID) VALUES ('PT23', 'FM7', 'DR1');
INSERT INTO Records_Data_On(pID, famID, docID) VALUES ('PT24', 'FM8', 'DR1');
INSERT INTO Records_Data_On(pID, famID, docID) VALUES ('PT25', 'FM9', 'DR1');
INSERT INTO Records_Data_On(pID, famID, docID) VALUES ('PT26', 'FM10', 'DR1');
INSERT INTO Records_Data_On(pID, famID, docID) VALUES ('PT27', 'FM11', 'DR1');
INSERT INTO Records_Data_On(pID, famID, docID) VALUES ('PT28', 'FM12', 'DR1');
INSERT INTO Records_Data_On(pID, famID, docID) VALUES ('PT29', 'FM13', 'DR1');
INSERT INTO Records_Data_On(pID, famID, docID) VALUES ('PT30', 'FM14', 'DR1');
INSERT INTO Records_Data_On(pID, famID, docID) VALUES ('PT31', 'FM15', 'DR1');
INSERT INTO Records_Data_On(pID, famID, docID) VALUES ('PT32', 'FM16', 'DR1');
INSERT INTO Records_Data_On(pID, famID, docID) VALUES ('PT33', 'FM1', 'DR1');
INSERT INTO Records_Data_On(pID, famID, docID) VALUES ('PT34', 'FM2', 'DR1');
INSERT INTO Records_Data_On(pID, famID, docID) VALUES ('PT35', 'FM3', 'DR1');
INSERT INTO Records_Data_On(pID, famID, docID) VALUES ('PT36', 'FM4', 'DR1');
INSERT INTO Records_Data_On(pID, famID, docID) VALUES ('PT37', 'FM5', 'DR1');
INSERT INTO Records_Data_On(pID, famID, docID) VALUES ('PT38', 'FM6', 'DR1');
INSERT INTO Records_Data_On(pID, famID, docID) VALUES ('PT39', 'FM7', 'DR1');
INSERT INTO Records_Data_On(pID, famID, docID) VALUES ('PT40', 'FM8', 'DR1');
INSERT INTO Records_Data_On(pID, famID, docID) VALUES ('PT41', 'FM9', 'DR1');
INSERT INTO Records_Data_On(pID, famID, docID) VALUES ('PT42', 'FM10', 'DR1');
INSERT INTO Records_Data_On(pID, famID, docID) VALUES ('PT43', 'FM11', 'DR1');
INSERT INTO Records_Data_On(pID, famID, docID) VALUES ('PT44', 'FM12', 'DR1');
INSERT INTO Records_Data_On(pID, famID, docID) VALUES ('PT45', 'FM13', 'DR1');
INSERT INTO Records_Data_On(pID, famID, docID) VALUES ('PT46', 'FM14', 'DR1');
INSERT INTO Records_Data_On(pID, famID, docID) VALUES ('PT47', 'FM15', 'DR1');
INSERT INTO Records_Data_On(pID, famID, docID) VALUES ('PT48', 'FM16', 'DR1');
INSERT INTO Records_Data_On(pID, famID, docID) VALUES ('PT49', 'FM1', 'DR1');
INSERT INTO Records_Data_On(pID, famID, docID) VALUES ('PT50', 'FM2', 'DR1');
INSERT INTO Records_Medicals_For(pID, docID, diagID, date_created, date_modified, scans, procedures, treatment, test_results) VALUES ('PT1', 'DR1','1', '19911327', '20080605', 'PET', 'enema', 'therapy', '41');
INSERT INTO Records_Medicals_For(pID, docID, diagID, date_created, date_modified, scans, procedures, treatment, test_results) VALUES ('PT2', 'DR2','1', '19890529', '20120812', 'PET', 'lobotomy', 'chemotherapy', '57');
INSERT INTO Records_Medicals_For(pID, docID, diagID, date_created, date_modified, scans, procedures, treatment, test_results) VALUES ('PT3', 'DR3','1', '19370327', '20160613', 'MRI', 'enema', 'jesus', '65');
INSERT INTO Records_Medicals_For(pID, docID, diagID, date_created, date_modified, scans, procedures, treatment, test_results) VALUES ('PT4', 'DR4','1', '20040923', '20110224', 'MRI', 'amputation', 'jesus', '63');
INSERT INTO Records_Medicals_For(pID, docID, diagID, date_created, date_modified, scans, procedures, treatment, test_results) VALUES ('PT5', 'DR5','1', '19330127', '20100724', 'CAT', 'amputation', 'therapy', '58');
INSERT INTO Records_Medicals_For(pID, docID, diagID, date_created, date_modified, scans, procedures, treatment, test_results) VALUES ('PT6', 'DR6','1', '19220920', '20160916', 'MRI', 'amputation', 'therapy', '17');
INSERT INTO Records_Medicals_For(pID, docID, diagID, date_created, date_modified, scans, procedures, treatment, test_results) VALUES ('PT7', 'DR7','1', '19350310', '20121205', 'CAT', 'lobotomy', 'jesus', '35');
INSERT INTO Records_Medicals_For(pID, docID, diagID, date_created, date_modified, scans, procedures, treatment, test_results) VALUES ('PT8', 'DR8','1', '19310529', '20090101', 'CAT', 'lobotomy', 'chemotherapy', '74');
INSERT INTO Records_Medicals_For(pID, docID, diagID, date_created, date_modified, scans, procedures, treatment, test_results) VALUES ('PT9', 'DR9','1', '19530325', '20070828', 'CAT', 'amputation', 'therapy', '75');
INSERT INTO Records_Medicals_For(pID, docID, diagID, date_created, date_modified, scans, procedures, treatment, test_results) VALUES ('PT10', 'DR10','1', '19491220', '20150910', 'PET', 'amputation', 'chemotherapy', '18');
INSERT INTO Records_Medicals_For(pID, docID, diagID, date_created, date_modified, scans, procedures, treatment, test_results) VALUES ('PT11', 'DR11','1', '19810619', '20121306', 'MRI', 'enema', 'therapy', '47');
INSERT INTO Records_Medicals_For(pID, docID, diagID, date_created, date_modified, scans, procedures, treatment, test_results) VALUES ('PT12', 'DR1','1', '19711208', '20080528', 'Brain', 'lobotomy', 'therapy', '36');
INSERT INTO Records_Medicals_For(pID, docID, diagID, date_created, date_modified, scans, procedures, treatment, test_results) VALUES ('PT13', 'DR2','1', '19210417', '20080211', 'MRI', 'amputation', 'jesus', '9');
INSERT INTO Records_Medicals_For(pID, docID, diagID, date_created, date_modified, scans, procedures, treatment, test_results) VALUES ('PT14', 'DR3','1', '19600211', '20060616', 'Brain', 'lobotomy', 'therapy', '98');
INSERT INTO Records_Medicals_For(pID, docID, diagID, date_created, date_modified, scans, procedures, treatment, test_results) VALUES ('PT15', 'DR4','1', '19330116', '20070218', 'MRI', 'amputation', 'jesus', '61');
INSERT INTO Records_Medicals_For(pID, docID, diagID, date_created, date_modified, scans, procedures, treatment, test_results) VALUES ('PT16', 'DR5','1', '19981206', '20151305', 'PET', 'lobotomy', 'jesus', '46');
INSERT INTO Records_Medicals_For(pID, docID, diagID, date_created, date_modified, scans, procedures, treatment, test_results) VALUES ('PT17', 'DR6','1', '19990919', '20140724', 'Brain', 'enema', 'jesus', '45');
INSERT INTO Records_Medicals_For(pID, docID, diagID, date_created, date_modified, scans, procedures, treatment, test_results) VALUES ('PT18', 'DR7','1', '19271303', '20090723', 'MRI', 'lobotomy', 'therapy', '9');
INSERT INTO Records_Medicals_For(pID, docID, diagID, date_created, date_modified, scans, procedures, treatment, test_results) VALUES ('PT19', 'DR8','1', '20030505', '20061007', 'CAT', 'enema', 'therapy', '66');
INSERT INTO Records_Medicals_For(pID, docID, diagID, date_created, date_modified, scans, procedures, treatment, test_results) VALUES ('PT20', 'DR9','1', '19680425', '20161319', 'PET', 'enema', 'chemotherapy', '6');
INSERT INTO Registers(sID, pID) VALUES ('SY7', 'PT1');
INSERT INTO Registers(sID, pID) VALUES ('SY5', 'PT2');
INSERT INTO Registers(sID, pID) VALUES ('SY7', 'PT3');
INSERT INTO Registers(sID, pID) VALUES ('SY4', 'PT4');
INSERT INTO Registers(sID, pID) VALUES ('SY2', 'PT5');
INSERT INTO Registers(sID, pID) VALUES ('SY7', 'PT6');
INSERT INTO Registers(sID, pID) VALUES ('SY11', 'PT7');
INSERT INTO Registers(sID, pID) VALUES ('SY4', 'PT8');
INSERT INTO Registers(sID, pID) VALUES ('SY10', 'PT9');
INSERT INTO Registers(sID, pID) VALUES ('SY7', 'PT10');
INSERT INTO Registers(sID, pID) VALUES ('SY5', 'PT11');
INSERT INTO Registers(sID, pID) VALUES ('SY3', 'PT12');
INSERT INTO Registers(sID, pID) VALUES ('SY9', 'PT13');
INSERT INTO Registers(sID, pID) VALUES ('SY11', 'PT14');
INSERT INTO Registers(sID, pID) VALUES ('SY2', 'PT15');
INSERT INTO Registers(sID, pID) VALUES ('SY11', 'PT16');
INSERT INTO Registers(sID, pID) VALUES ('SY8', 'PT17');
INSERT INTO Registers(sID, pID) VALUES ('SY9', 'PT18');
INSERT INTO Registers(sID, pID) VALUES ('SY8', 'PT19');
INSERT INTO Registers(sID, pID) VALUES ('SY4', 'PT20');
INSERT INTO Registers(sID, pID) VALUES ('SY9', 'PT21');
INSERT INTO Registers(sID, pID) VALUES ('SY8', 'PT22');
INSERT INTO Registers(sID, pID) VALUES ('SY8', 'PT23');
INSERT INTO Registers(sID, pID) VALUES ('SY7', 'PT24');
INSERT INTO Registers(sID, pID) VALUES ('SY3', 'PT25');
INSERT INTO Registers(sID, pID) VALUES ('SY11', 'PT26');
INSERT INTO Registers(sID, pID) VALUES ('SY8', 'PT27');
INSERT INTO Registers(sID, pID) VALUES ('SY2', 'PT28');
INSERT INTO Registers(sID, pID) VALUES ('SY10', 'PT29');
INSERT INTO Registers(sID, pID) VALUES ('SY4', 'PT30');
INSERT INTO Registers(sID, pID) VALUES ('SY1', 'PT31');
INSERT INTO Registers(sID, pID) VALUES ('SY2', 'PT32');
INSERT INTO Registers(sID, pID) VALUES ('SY7', 'PT33');
INSERT INTO Registers(sID, pID) VALUES ('SY6', 'PT34');
INSERT INTO Registers(sID, pID) VALUES ('SY2', 'PT35');
INSERT INTO Registers(sID, pID) VALUES ('SY6', 'PT36');
INSERT INTO Registers(sID, pID) VALUES ('SY3', 'PT37');
INSERT INTO Registers(sID, pID) VALUES ('SY6', 'PT38');
INSERT INTO Registers(sID, pID) VALUES ('SY10', 'PT39');
INSERT INTO Registers(sID, pID) VALUES ('SY2', 'PT40');
INSERT INTO Registers(sID, pID) VALUES ('SY5', 'PT41');
INSERT INTO Registers(sID, pID) VALUES ('SY4', 'PT42');
INSERT INTO Registers(sID, pID) VALUES ('SY1', 'PT43');
INSERT INTO Registers(sID, pID) VALUES ('SY8', 'PT44');
INSERT INTO Registers(sID, pID) VALUES ('SY10', 'PT45');
INSERT INTO Registers(sID, pID) VALUES ('SY10', 'PT46');
INSERT INTO Registers(sID, pID) VALUES ('SY9', 'PT47');
INSERT INTO Registers(sID, pID) VALUES ('SY6', 'PT48');
INSERT INTO Registers(sID, pID) VALUES ('SY9', 'PT49');
INSERT INTO Registers(sID, pID) VALUES ('SY10', 'PT50');
INSERT INTO Updates(nID, pID, vital_signs) VALUES ('NR1', 'PT1', 'bad');
INSERT INTO Updates(nID, pID, vital_signs) VALUES ('NR2', 'PT2', 'bad');
INSERT INTO Updates(nID, pID, vital_signs) VALUES ('NR3', 'PT3', 'bad');
INSERT INTO Updates(nID, pID, vital_signs) VALUES ('NR4', 'PT4', 'bad');
INSERT INTO Updates(nID, pID, vital_signs) VALUES ('NR5', 'PT5', 'bad');
INSERT INTO Updates(nID, pID, vital_signs) VALUES ('NR6', 'PT6', 'bad');
INSERT INTO Updates(nID, pID, vital_signs) VALUES ('NR7', 'PT7', 'bad');
INSERT INTO Updates(nID, pID, vital_signs) VALUES ('NR8', 'PT8', 'bad');
INSERT INTO Updates(nID, pID, vital_signs) VALUES ('NR9', 'PT9', 'bad');
INSERT INTO Updates(nID, pID, vital_signs) VALUES ('NR10', 'PT10', 'bad');
INSERT INTO Updates(nID, pID, vital_signs) VALUES ('NR11', 'PT11', 'bad');
INSERT INTO Updates(nID, pID, vital_signs) VALUES ('NR12', 'PT12', 'bad');
INSERT INTO Updates(nID, pID, vital_signs) VALUES ('NR13', 'PT13', 'bad');
INSERT INTO Updates(nID, pID, vital_signs) VALUES ('NR14', 'PT14', 'bad');
INSERT INTO Updates(nID, pID, vital_signs) VALUES ('NR15', 'PT15', 'bad');
INSERT INTO Updates(nID, pID, vital_signs) VALUES ('NR16', 'PT16', 'bad');
INSERT INTO Updates(nID, pID, vital_signs) VALUES ('NR17', 'PT17', 'bad');
INSERT INTO Updates(nID, pID, vital_signs) VALUES ('NR18', 'PT18', 'bad');
INSERT INTO Updates(nID, pID, vital_signs) VALUES ('NR19', 'PT19', 'bad');
INSERT INTO Updates(nID, pID, vital_signs) VALUES ('NR20', 'PT20', 'bad');
